{
  "assetsByChunkName": {
    "vendors~app-account~app-checkout~app-confirmation~app-order": "chunk.d7cad991481d1ca2045d.js",
    "vendors~app-account~app-confirmation~app-order": "chunk.2bfad471a52a83129c56.js",
    "vendors~app-account~app-checkout": "chunk.2fd7ff1a7d2815ebd164.js",
    "vendors~app-cart~app-checkout": "chunk.e7877ce3d07fa9c99ecf.js",
    "admin": [
      "admin.16b10aec4ec96774b28b.js",
      "admin.16b10aec4ec96774b28b.js.map"
    ],
    "app-account": "chunk.c939d736f23ea3d29326.js",
    "app-checkout": "chunk.f65d0d9f9f554ebb74ad.js",
    "app-confirmation": "chunk.16920ed80f71c573eb7a.js",
    "app-order": "chunk.68774936975cdd839b21.js",
    "checkout": [
      "checkout.9e300a8fe3e31bcefa2a.js",
      "checkout.9e300a8fe3e31bcefa2a.js.map"
    ],
    "storefront": [
      "storefront.9847ba3ea87f2483663d.css",
      "storefront.6a3316c71992eb99745d.js",
      "storefront.9847ba3ea87f2483663d.css.map",
      "storefront.6a3316c71992eb99745d.js.map"
    ],
    "vendors~app-cart": "chunk.ee47c2229c92a4a27b66.js"
  }
}